"arquivo","unidade","fonte","largura","altura","bytes","sha256"\n"01_Ibituruna/01_Ambiente_e_Fachada/c4f0-Casa-Colombo-Montes-Claros-design.jpg","Ibituruna","Restaurant Guru",775,645,95071,"1cee4169d2c55e9e8051130d66f663476348b9fa590da888860392b211b7879d"
"01_Ibituruna/01_Ambiente_e_Fachada/c565-Restaurant-Casa-Colombo-design.jpg","Ibituruna","Restaurant Guru",483,645,62098,"0a168f39c2e8d3d71aba1a2240a56990f11e492d54b199e0b8ab4c89165e8f7f"
"01_Ibituruna/01_Ambiente_e_Fachada/c85e-Casa-Colombo-Montes-Claros-interior.jpg","Ibituruna","Restaurant Guru",640,645,83782,"dea61f0a1721331634d7fecd25238f5d007a306f21fb34e52d69b01c4c22babd"
"01_Ibituruna/01_Ambiente_e_Fachada/cdd7-Restaurant-Casa-Colombo-interior.jpg","Ibituruna","Restaurant Guru",483,645,60135,"b5cf5a47cbd4cb826377ab2d32fb4752fdcb49ffc9917853986c5183691e5f99"
"01_Ibituruna/01_Ambiente_e_Fachada/r1b0-Casa-Colombo-interior-2025-08.jpg","Ibituruna","Restaurant Guru",1200,1600,332977,"35dcf378f8098820ed6fe71b6655ffc66ca1bd15930f9dc9fac7ca3fa55ff545"
"01_Ibituruna/01_Ambiente_e_Fachada/r1e8-design-Casa-Colombo-2025-08-1.jpg","Ibituruna","Restaurant Guru",1200,675,143647,"563aee11e7ae3fe39a4f3b4acca86ac22d011c4e8e09bf8b37a60d6cc2f6e49d"
"01_Ibituruna/01_Ambiente_e_Fachada/r22e-interior-Casa-Colombo-2025-08-1.jpg","Ibituruna","Restaurant Guru",756,1680,169661,"5b4d66f57c4b527ad3c8ddcb58ea0026f17754cd0fd02066f683b75f317ea3a5"
"01_Ibituruna/01_Ambiente_e_Fachada/r584-design-Casa-Colombo-2023-08.jpg","Ibituruna","Restaurant Guru",1200,900,179923,"2865be4307a38267d34edc3a90ce8e724fb842f76870bf3c0f9bc70f8c9524ed"
"01_Ibituruna/01_Ambiente_e_Fachada/r64a-Casa-Colombo-design-2025-08-1.jpg","Ibituruna","Restaurant Guru",945,1680,236886,"340940c942245eb76dbc0c5e364d191fb7c397bf1accdfdb8f44f3e8a41353eb"
"01_Ibituruna/01_Ambiente_e_Fachada/r762-Casa-Colombo-interior-2023-08.jpg","Ibituruna","Restaurant Guru",1200,1600,244264,"0a81cd639f5e9e0fdb47d9047451a10a7e9b7a6d4e7b786c06e2f12c9429adef"
"01_Ibituruna/01_Ambiente_e_Fachada/r7a4-Casa-Colombo-interior-2025-08-1.jpg","Ibituruna","Restaurant Guru",1200,1600,181731,"7d3bc43fc831c51db75263651df83937ca37b19033003d539ad7d0af63ba7d3e"
"01_Ibituruna/01_Ambiente_e_Fachada/r7b0-Casa-Colombo-design-2023-08.jpg","Ibituruna","Restaurant Guru",1200,1600,217002,"432363ff5d26cdf5d8b8baf810551094d729203fcc6f6b8e7914c1c4ce8ddf7b"
"01_Ibituruna/01_Ambiente_e_Fachada/r7bd-interior-Casa-Colombo-2023-08.jpg","Ibituruna","Restaurant Guru",1200,1600,255228,"99ff3fdaf11257e6160a690f0c7370a08ace1d7fef381168d5e974622d909097"
"01_Ibituruna/01_Ambiente_e_Fachada/r824-interior-Casa-Colombo-2025-08.jpg","Ibituruna","Restaurant Guru",1200,1600,271492,"cabeca46cd338110b0db7b27d14effc28c3aada8432b16e0e610804a72e4d959"
"01_Ibituruna/01_Ambiente_e_Fachada/r8af-Casa-Colombo-design-2025-08.jpg","Ibituruna","Restaurant Guru",1200,900,203287,"b23d57b5c08eaee6223b22ba59bc83552a3e6a834513d2a2120932f6c6523527"
"01_Ibituruna/01_Ambiente_e_Fachada/ra50-Casa-Colombo-interior-2023-08-1.jpg","Ibituruna","Restaurant Guru",1200,1600,314574,"8a3d714d3725abc9e35f00aee193e44a9ef5ac57cae550f6c8d3c5bd43c3e035"
"01_Ibituruna/01_Ambiente_e_Fachada/rd1b-design-Casa-Colombo-2025-08.jpg","Ibituruna","Restaurant Guru",1200,1600,197398,"6ab4ce2d1df4c54968fe2af9811f74e0b3dee05058799c1ae9d39e7b0af0b75e"
"01_Ibituruna/01_Ambiente_e_Fachada/rfb5-Casa-Colombo-design-2023-08-1.jpg","Ibituruna","Restaurant Guru",1200,1600,365041,"e557ae07cc6bf9d643809af797c28012ed5a15ae2cf3c1dc83c13a5dbea19cbd"
"01_Ibituruna/01_Ambiente_e_Fachada/tripadvisor_ambiente-clientes.jpg","Ibituruna","Tripadvisor",4032,3024,1958302,"aa505b9b1f2e4dcf8ac49d3284cb5d7574347765f70cd282d1f3ae435248d9a8"
"01_Ibituruna/01_Ambiente_e_Fachada/tripadvisor_fachada-principal.jpg","Ibituruna","Tripadvisor",4032,3024,2679562,"ce773a31c4073a98bf1e22403a44a701eaed992c6c07f97e5cc64ac03769400a"
"01_Ibituruna/02_Produtos_e_Pratos/c1cb-Casa-Colombo-chocolate-mousse.jpg","Ibituruna","Restaurant Guru",636,645,71976,"ac858f33846f61ded8cd2cd20560ca9201e752e696052b949687fd7c4453a088"
"01_Ibituruna/02_Produtos_e_Pratos/c201-Restaurant-Casa-Colombo-food.jpg","Ibituruna","Restaurant Guru",483,645,49526,"e9c93f85b8034e0047e085fd3be7daf52098757b65b4d491867ab4da0399c72d"
"01_Ibituruna/02_Produtos_e_Pratos/c291-Casa-Colombo-Montes-Claros-chocolate-mousse.jpg","Ibituruna","Restaurant Guru",483,645,50307,"5561fd1f34dece4d37d9a9fb60aeae56133a7d4c87dac00661c2665e27536422"
"01_Ibituruna/02_Produtos_e_Pratos/c2d2-Casa-Colombo-Montes-Claros-coffee.jpg","Ibituruna","Restaurant Guru",480,645,55033,"5171d99b340550e59457a81475f856d0821af647cb40c1dd371e5ccc5e34814d"
"01_Ibituruna/02_Produtos_e_Pratos/c539-Casa-Colombo-Montes-Claros-food.jpg","Ibituruna","Restaurant Guru",483,645,61806,"ea9319c604240c63ab4292b3314be94bafa590cbee1ee929b262d1c2584c8df2"
"01_Ibituruna/02_Produtos_e_Pratos/c629-Casa-Colombo-Montes-Claros-meals.jpg","Ibituruna","Restaurant Guru",416,645,49130,"b09c31f0486afc179b4f156a5c541b2c87fcbed3ce87f68434ed372cb568b261"
"01_Ibituruna/02_Produtos_e_Pratos/c951-Restaurant-Casa-Colombo-chocolate-cake.jpg","Ibituruna","Restaurant Guru",531,645,57840,"c4523884ce99d537f9a9be27e28e980855867d2799f4f739c11d508ce370728c"
"01_Ibituruna/02_Produtos_e_Pratos/c9d7-Restaurant-Casa-Colombo-coffee.jpg","Ibituruna","Restaurant Guru",416,645,44407,"6510766b96efdfea55385c4d63f0198a548b9cba1618d22cf2ab948a5fb97616"
"01_Ibituruna/02_Produtos_e_Pratos/cd02-Restaurant-Casa-Colombo-dishes.jpg","Ibituruna","Restaurant Guru",448,645,52916,"03a5089135f39998ba086a71a6510292beb79f5912d589026f64e1d23a697245"
"01_Ibituruna/02_Produtos_e_Pratos/cd81-Restaurant-Casa-Colombo-chocolate-mousse.jpg","Ibituruna","Restaurant Guru",483,645,55343,"493b4d31d4be2b6f308a99d19fc018846f25a4a2e4160e94da93f4f1034e105e"
"01_Ibituruna/02_Produtos_e_Pratos/cf0c-Restaurant-Casa-Colombo-meals.jpg","Ibituruna","Restaurant Guru",483,645,58070,"08f84602413e7f1ec8860b58364627336a554a22d8fdfa045e92b7da0ae0909a"
"01_Ibituruna/02_Produtos_e_Pratos/r057-meals-Casa-Colombo-2025-08-1.jpg","Ibituruna","Restaurant Guru",1200,541,127803,"bffadc1379cfb8988d0786f1ef49673c9cb73e7f7fad5e6d41a5ec0ed80a6dbe"
"01_Ibituruna/02_Produtos_e_Pratos/r09a-chocolate-cake-Casa-Colombo.jpg","Ibituruna","Restaurant Guru",1200,1600,223803,"11b0793d95bd141fe8a58b7bb34c2f6dcf774d42ca1dab233e1bea65758cbb02"
"01_Ibituruna/02_Produtos_e_Pratos/r0b1-food-Casa-Colombo-2025-08-1.jpg","Ibituruna","Restaurant Guru",757,1680,106585,"b8c9a95dd097028ebcaaac058d3f59ca33effc5114553f172df95461e1f7cfe5"
"01_Ibituruna/02_Produtos_e_Pratos/r133-chocolate-mousse-Casa-Colombo-2025-08.jpg","Ibituruna","Restaurant Guru",1200,1600,208334,"86a7adda0f61e19014761fed39d0fa48dbc36c66d707a46ed27fe52a03b7a9e3"
"01_Ibituruna/02_Produtos_e_Pratos/r1cb-Casa-Colombo-chocolate-mousse.jpg","Ibituruna","Restaurant Guru",1200,1600,130679,"930ecbb2d159b747a2401ba06f8cbcb43c2e52db19195d0b2e3c42d4a5fc01e5"
"01_Ibituruna/02_Produtos_e_Pratos/r20e-Casa-Colombo-meals-2025-08-1.jpg","Ibituruna","Restaurant Guru",1200,900,170965,"a4106656ece6b87d6db4ba7e1259bef9e0b2bc6e41707969fcb6c051c0dcd1f6"
"01_Ibituruna/02_Produtos_e_Pratos/r254-Casa-Colombo-food-2025-08-1.jpg","Ibituruna","Restaurant Guru",1200,1600,303297,"693a6906365bd3bb2042e50df2b34dd6b8fecade6adcd6404da51f465fabf7b1"
"01_Ibituruna/02_Produtos_e_Pratos/r27c-Casa-Colombo-coffee.jpg","Ibituruna","Restaurant Guru",757,1680,210238,"8f312daa9ab3b1dd06c7233364981dc58566908cd9b080045d2ed77762b1f176"
"01_Ibituruna/02_Produtos_e_Pratos/r2d6-chocolate-mousse-Casa-Colombo.jpg","Ibituruna","Restaurant Guru",1200,1600,160222,"e0aa15e2b86e643964161c67b81ce9f14bd47f137c079e26dcf2e63446fba817"
"01_Ibituruna/02_Produtos_e_Pratos/r2e8-Casa-Colombo-coffee-2025-08-1.jpg","Ibituruna","Restaurant Guru",1200,1600,270483,"9d7e3fbfadf9beff760e2f0c52d6247a6ec5d8990b94a1f949728aea35c8f092"
"01_Ibituruna/02_Produtos_e_Pratos/r374-food-Casa-Colombo-2025-08.jpg","Ibituruna","Restaurant Guru",1200,1600,194591,"62280ca34b5cbaaac540a39f1728d68a613a75cdd465f24fa9d396509970b805"
"01_Ibituruna/02_Produtos_e_Pratos/r40e-Casa-Colombo-meals-2023-08.jpg","Ibituruna","Restaurant Guru",1200,1600,216508,"909702e28082e8658a4aa065a83988c17d76ecba797f3fc249ad24e686c4b997"
"01_Ibituruna/02_Produtos_e_Pratos/r411-coffee-Casa-Colombo.jpg","Ibituruna","Restaurant Guru",776,1680,158551,"0fc0534bb988da153d51da1f298196dd96b67b215d8117a8d21c781764a91cfa"
"01_Ibituruna/02_Produtos_e_Pratos/r470-meals-Casa-Colombo-2023-08.jpg","Ibituruna","Restaurant Guru",1200,1600,122456,"f97780bd69778dfe5174806073663a01dbee19e1404d6af2b11fbb2ba9362002"
"01_Ibituruna/02_Produtos_e_Pratos/r875-Casa-Colombo-dishes-2023-08.jpg","Ibituruna","Restaurant Guru",1200,1600,132852,"10ee65b2d1144e206914997d5d590c097a376c7489c473cf89a91d1b37d6bbeb"
"01_Ibituruna/02_Produtos_e_Pratos/r8d6-coffee-Casa-Colombo-2025-08.jpg","Ibituruna","Restaurant Guru",897,1600,99207,"fa0a0c63ce2b933e00125ffc8fdd15f8a74e17c3b6cbd587fe426c2e437447ba"
"01_Ibituruna/02_Produtos_e_Pratos/r8f8-coffee-Casa-Colombo-2025-08-1.jpg","Ibituruna","Restaurant Guru",1200,1600,201421,"328107cf2ba2180fe27e415be439f6ab963834e4814363574ce202fd99b3f984"
"01_Ibituruna/02_Produtos_e_Pratos/r909-Casa-Colombo-food-2025-08.jpg","Ibituruna","Restaurant Guru",1200,1600,256282,"7d21ddb61c9c24f947b2e0671ead55582ff7a4ed873a072b2c53e62c58cc7b53"
"01_Ibituruna/02_Produtos_e_Pratos/r96c-Casa-Colombo-coffee-2025-08.jpg","Ibituruna","Restaurant Guru",644,1144,112199,"0c3a2097a9e9a4a7c83334675b62e2e1f31316b0b7d929716a1abd4bc4cccf76"
"01_Ibituruna/02_Produtos_e_Pratos/r9d8-meals-Casa-Colombo-2025-08.jpg","Ibituruna","Restaurant Guru",1200,1600,141929,"307b6eb0e78da1101dac250b616c5e9a0fbc0110780392008444580bfb8b9057"
"01_Ibituruna/02_Produtos_e_Pratos/ra36-Casa-Colombo-creme-brulee.jpg","Ibituruna","Restaurant Guru",757,1680,184194,"40ce959cdab9b2156ba23cd682e4748a41440c5ebfd839b8cbb3a9d3323465b9"
"01_Ibituruna/02_Produtos_e_Pratos/ra6d-coffee-Casa-Colombo-2025-08-2.jpg","Ibituruna","Restaurant Guru",1200,541,107128,"971c7de41fe7b72a54fb3f1af9fe5cc00503ab50dbb9cbc541955d12b57d1d4e"
"01_Ibituruna/02_Produtos_e_Pratos/rb3d-Casa-Colombo-chocolate-mousse-2025-08.jpg","Ibituruna","Restaurant Guru",757,1680,142593,"dabdda093bc0c97d4893d57adef115576a6461c0726aaabc0df5ef8bde423e6f"
"01_Ibituruna/02_Produtos_e_Pratos/rb42-Casa-Colombo-chocolate-cake-2025-08.jpg","Ibituruna","Restaurant Guru",1200,541,89398,"d945a513e71021ae6a6d37822d7d232c05f938f3af1730d21d6bf1b04fe9bd83"
"01_Ibituruna/02_Produtos_e_Pratos/rb66-Casa-Colombo-food-2023-08.jpg","Ibituruna","Restaurant Guru",1200,1600,186836,"d2414bf86359e4dd8b589b7114a18672e5105b68d96a2fcdf92da28bc6231e02"
"01_Ibituruna/02_Produtos_e_Pratos/rbce-Casa-Colombo-coffee-2025-08-2.jpg","Ibituruna","Restaurant Guru",1200,541,71235,"d54b1b5d32b6981437b26b3129ed842d77be5d09554f2e453a02395fc895647a"
"01_Ibituruna/02_Produtos_e_Pratos/rc52-dishes-Casa-Colombo-2025-08-1.jpg","Ibituruna","Restaurant Guru",1200,1600,260684,"d3a3619f17b53698e9e201983b9fdbf8995596bcb0b60f53814d80fd61730d71"
"01_Ibituruna/02_Produtos_e_Pratos/rc53-Casa-Colombo-sushi.jpg","Ibituruna","Restaurant Guru",1200,1600,243214,"7aefee50030c83fef2531e010e09fcc7b385187602e9cc454868dc51e5af4008"
"01_Ibituruna/02_Produtos_e_Pratos/rcb5-dishes-Casa-Colombo-2023-08.jpg","Ibituruna","Restaurant Guru",1200,1600,216786,"1a971561cd435002eaf6ce583212b071044b8f960a0e812752708edc9f3ab247"
"01_Ibituruna/02_Produtos_e_Pratos/rd04-food-Casa-Colombo-2023-08.jpg","Ibituruna","Restaurant Guru",1200,1600,176991,"219e60111d822064ed92ca1a8b7f7dbe6d6933081a9610df295ece9ccdfd36a9"
"01_Ibituruna/02_Produtos_e_Pratos/rdc5-Casa-Colombo-food-2023-12.jpg","Ibituruna","Restaurant Guru",1200,1600,163682,"551a2173d9e2f6e5cd8f2c0b18e9ad86cd93417f67df1494b5f25c6fd35fe094"
"01_Ibituruna/02_Produtos_e_Pratos/re9f-Casa-Colombo-dishes-2025-08.jpg","Ibituruna","Restaurant Guru",720,1280,98989,"d24f56830de8f730a990c042771d312e43e4fcaca8d015999c4d98b4d31e0495"
"01_Ibituruna/02_Produtos_e_Pratos/reb5-Casa-Colombo-meals-2025-08.jpg","Ibituruna","Restaurant Guru",1200,541,84986,"47d633ff02448d39bbf319a3a887eeb2f10e28aefead8fa8155603ece9a1451f"
"01_Ibituruna/02_Produtos_e_Pratos/ree5-Casa-Colombo-dishes-2025-08-1.jpg","Ibituruna","Restaurant Guru",946,1680,212809,"db0d21b46d2c50c3d13cfb7a3eceacd311d074411b45d40d8b605d10dd4f93de"
"01_Ibituruna/02_Produtos_e_Pratos/rf31-Casa-Colombo-chocolate-cake.jpg","Ibituruna","Restaurant Guru",720,1280,126527,"bdc7fa71e3b043614e36f52cc6ca3bb9cfe23dc6c6db8b0578002b39c0a56cfb"
"01_Ibituruna/02_Produtos_e_Pratos/rf31-Casa-Colombo-food-2025-08-2.jpg","Ibituruna","Restaurant Guru",960,1280,215699,"6347b51a8a1d5165cb5a9d9289891f14104d03228106ddb33a89db15fd58888d"
"01_Ibituruna/02_Produtos_e_Pratos/rf3f-dishes-Casa-Colombo-2025-08.jpg","Ibituruna","Restaurant Guru",1200,1600,226916,"49779f8b2510f0a7238bb8d8044c794d9f8b5252b3b671cbb2a3c87763d3e3f8"
"01_Ibituruna/02_Produtos_e_Pratos/rf6f-Casa-Colombo-food-2023-11.jpg","Ibituruna","Restaurant Guru",1200,1600,237476,"d97618c60911bff8141f116619b8a11ad61d4d1005a95ef863bba7846a416d94"
"01_Ibituruna/03_Google_Maps/google_maps_1.jpg","Ibituruna","Google Maps",2048,1536,630791,"101047a7e5c93684b46da6dec4b13330fdb085e95a162baa828cdf436dd5b0ea"
"01_Ibituruna/03_Google_Maps/google_maps_10.jpg","Ibituruna","Google Maps",1536,2048,711500,"d1d6086e780334c77fee99af0c26f8f08c0cc0c0ada10ec59f0b82e9e006eea7"
"01_Ibituruna/03_Google_Maps/google_maps_100.jpg","Ibituruna","Google Maps",1536,2048,514646,"c0c821bd158d2504a7c7f86881562f208368abcd39538eab6f131ff44ee68adb"
"01_Ibituruna/03_Google_Maps/google_maps_101.jpg","Ibituruna","Google Maps",732,1234,322750,"14e04d1a732982c1c851cfe1f697761f1a8e92a273a6b25899fbd17ca5df561c"
"01_Ibituruna/03_Google_Maps/google_maps_102.jpg","Ibituruna","Google Maps",1536,2048,393921,"296853216a852bc5889ee837230f9ea2e6fbe72b4773a14e9d22bfcf0e097c4c"
"01_Ibituruna/03_Google_Maps/google_maps_103.jpg","Ibituruna","Google Maps",2048,922,208895,"dab25b705059f732c6ef97390007513a96ed038c9f8e863972f789d6699725de"
"01_Ibituruna/03_Google_Maps/google_maps_104.jpg","Ibituruna","Google Maps",1536,2048,612874,"9a51d610b21e17d6064ffe926e56998049bff135aea9c1ef92818123e5d754ef"
"01_Ibituruna/03_Google_Maps/google_maps_105.jpg","Ibituruna","Google Maps",946,2048,415570,"73b6bbb2e82184d358b34be646514212e1d9350da55b8f1ca8510f65c64a9073"
"01_Ibituruna/03_Google_Maps/google_maps_106.jpg","Ibituruna","Google Maps",1536,2048,711292,"92d572252248f8b6c7de5e03769fa5a390bbe231ce7dd4951bb888d1213fb5df"
"01_Ibituruna/03_Google_Maps/google_maps_107.jpg","Ibituruna","Google Maps",1536,2048,384068,"e67a70819f5133f35d47ff081610caf9a27c088f5c6d431e7efcf58fb3631ce8"
"01_Ibituruna/03_Google_Maps/google_maps_108.jpg","Ibituruna","Google Maps",1536,2048,423848,"ebc18ba61acfa9589ce3bc3793e5a4c699101a8c44c0e4dac8f509506faf593a"
"01_Ibituruna/03_Google_Maps/google_maps_109.jpg","Ibituruna","Google Maps",1152,2048,479494,"66ed682e95caa54ec0e413c51fdb70ba8184af55ab3c7aac3d45d47e3d6bdc6e"
"01_Ibituruna/03_Google_Maps/google_maps_11.jpg","Ibituruna","Google Maps",1536,2048,514829,"a5b3a717764b75ec31ae62b9e12718274710d8f02407b89a40aad37390360e81"
"01_Ibituruna/03_Google_Maps/google_maps_110.jpg","Ibituruna","Google Maps",1536,2048,463985,"dd24be7ff8ffa0c578abfadc163cd661181e783e0be5a443a1977100ccacefb6"
"01_Ibituruna/03_Google_Maps/google_maps_111.jpg","Ibituruna","Google Maps",1530,1530,236568,"49b23413f5644d9f4f92fb5205bf2038d24e1d9a65baeb4ec160f6be34470bce"
"01_Ibituruna/03_Google_Maps/google_maps_112.jpg","Ibituruna","Google Maps",1536,2048,438471,"8b63b652fb5e0bfc196d17b1e22b39271817978e4d08bd16f65cc5dcd454eff4"
"01_Ibituruna/03_Google_Maps/google_maps_113.jpg","Ibituruna","Google Maps",1080,1207,362013,"12df9f61e2cba094927fa83dd86bf5a0fd794840531201931389558daed73e18"
"01_Ibituruna/03_Google_Maps/google_maps_114.jpg","Ibituruna","Google Maps",1472,2048,521388,"abfc8cf47989bee9443959f3f4facd124eeff6067d37c41ea02f1fecfa8908d1"
"01_Ibituruna/03_Google_Maps/google_maps_115.jpg","Ibituruna","Google Maps",1536,2048,450034,"b05e7f5b97d289ccc0fce6782b8366072334ec5875f6c4e753c6005574bdbee0"
"01_Ibituruna/03_Google_Maps/google_maps_116.jpg","Ibituruna","Google Maps",1536,2048,303075,"e6f80538c1691bf9fd81ef87c365ebe24dd0fd3eae9b15d2f3a7996394235035"
"01_Ibituruna/03_Google_Maps/google_maps_117.jpg","Ibituruna","Google Maps",1536,2048,349648,"7880fb7e037a3da2c4895b419d23ea2c0c68576b04152fbc0c46141e62aaa289"
"01_Ibituruna/03_Google_Maps/google_maps_118.jpg","Ibituruna","Google Maps",938,1485,103174,"bdb020e57fe8f94a9bf41c5b641475381e5e2566a93f6b0596e83932124c9117"
"01_Ibituruna/03_Google_Maps/google_maps_119.jpg","Ibituruna","Google Maps",1153,2048,408337,"13f59ec825fa320ea00cd26e1e6fa107431df302be47e4b37d2d661452d7afa5"
"01_Ibituruna/03_Google_Maps/google_maps_12.jpg","Ibituruna","Google Maps",1536,2048,566832,"b2b433817ee980993736c7beb9908fdc545cfaa7b20ffe04080d4bfa8b9d2323"
"01_Ibituruna/03_Google_Maps/google_maps_120.jpg","Ibituruna","Google Maps",1536,2048,409982,"b1dcca88f24d38e58fb0a8ced595db15f87f19721041de57f02926c4f35970c7"
"01_Ibituruna/03_Google_Maps/google_maps_121.jpg","Ibituruna","Google Maps",1536,2048,400829,"2cf793ee555570eb6ba050f2c252b517539b7a0a481026f4eba523d24de1621c"
"01_Ibituruna/03_Google_Maps/google_maps_122.jpg","Ibituruna","Google Maps",922,2048,226191,"1846fedba1c24b25918dd51f1ce7aa442c272db6ca033cbb00082b7cf2a54356"
"01_Ibituruna/03_Google_Maps/google_maps_123.jpg","Ibituruna","Google Maps",922,2048,175972,"db99ae91232cc448741b397543388ca67657c36615a895bd14cd751baa127126"
"01_Ibituruna/03_Google_Maps/google_maps_124.jpg","Ibituruna","Google Maps",1536,2048,465248,"7f79eb4a051e8140ba9c1ae326bdf44feee8d43129b3f195a4ced97fda0ce436"
"01_Ibituruna/03_Google_Maps/google_maps_125.jpg","Ibituruna","Google Maps",1536,2048,978264,"01ac1a279b1823c743aa0c31b38178d259d6abe78f418d07142500c1dea504a0"
"01_Ibituruna/03_Google_Maps/google_maps_126.jpg","Ibituruna","Google Maps",1536,2048,476377,"1bc93eed1a5226fc7382761a5e0ebe84286f14099f88200af449bb7317176f7f"
"01_Ibituruna/03_Google_Maps/google_maps_127.jpg","Ibituruna","Google Maps",900,1600,86147,"9d62177566808baf69f163f32d69b26fd7f795695513e1dfd2f207260d303e8c"
"01_Ibituruna/03_Google_Maps/google_maps_128.jpg","Ibituruna","Google Maps",1536,2048,437496,"325668271016903495abffc6891c0b9d0c031bfc50b0de083acb744b12733e34"
"01_Ibituruna/03_Google_Maps/google_maps_129.jpg","Ibituruna","Google Maps",1536,2048,374963,"604cf1f5007fa21b579faf2c73c31df9f58b79979035c3d531f3efea4b1835ab"
"01_Ibituruna/03_Google_Maps/google_maps_13.jpg","Ibituruna","Google Maps",1536,2048,422355,"5d1c21f55860be2513e7876a7f6e5db24919323e1f3856dfdd26effd3afa9278"
"01_Ibituruna/03_Google_Maps/google_maps_130.jpg","Ibituruna","Google Maps",1153,2048,280536,"bb0df593732f51f1c0202a2de5e5e13de452eca705bb3e47c4e95c2aa058ea7c"
"01_Ibituruna/03_Google_Maps/google_maps_131.jpg","Ibituruna","Google Maps",1536,2048,383204,"cac88632afb1bca3b27784396ddd44c4951ce852b5f8c7a97c5df0a321ef8b7f"
"01_Ibituruna/03_Google_Maps/google_maps_132.jpg","Ibituruna","Google Maps",1536,2048,389603,"8926bc09947e6d23fbe75f9b3e318d8c9e687d89c9fd65fe943c4040b3944076"
"01_Ibituruna/03_Google_Maps/google_maps_133.jpg","Ibituruna","Google Maps",1080,1088,115927,"015e61175517d76ef9f2e6a19e04324efe4612bd6f0abb3b1293775de7a450df"
"01_Ibituruna/03_Google_Maps/google_maps_134.jpg","Ibituruna","Google Maps",1536,2048,449903,"d3563e6f7d226baf7e82096936df01428809777c8a2990a2d927fb147ec44365"
"01_Ibituruna/03_Google_Maps/google_maps_135.jpg","Ibituruna","Google Maps",922,2048,217564,"81bec9b8799fbc72bf716f64f30bfbbb204420128222c8402dac768f1bb105da"
"01_Ibituruna/03_Google_Maps/google_maps_136.jpg","Ibituruna","Google Maps",1536,2048,460088,"15aa391f240c35ea9de15fee62c1c9761a480d67158150864b4d109f3c294322"
"01_Ibituruna/03_Google_Maps/google_maps_137.jpg","Ibituruna","Google Maps",1536,2048,452441,"267e203667f49ae9f7daf415159ff1339f113485ebbdac288fa6d87590f7cf08"
"01_Ibituruna/03_Google_Maps/google_maps_138.jpg","Ibituruna","Google Maps",1536,2048,530128,"aeb034fcd5ab8947534eb3970b43616e2a5f2ca32f8533cc840b98e1925e7d6f"
"01_Ibituruna/03_Google_Maps/google_maps_139.jpg","Ibituruna","Google Maps",2048,1729,833465,"f8c469a1e3eeab400d9673269fdf7fed78eb81269003a7cb7742b50328d70ce0"
"01_Ibituruna/03_Google_Maps/google_maps_14.jpg","Ibituruna","Google Maps",1080,1920,1308716,"112d3f4b50354714b5d05db4c5cf5f7067bf1d595caa86c913f2bcd5d7c0bf96"
"01_Ibituruna/03_Google_Maps/google_maps_140.jpg","Ibituruna","Google Maps",1080,1376,131142,"a09a7541fba3aea1fd4e1e7b39260186b6af615df2293ea633a1330b7f7fc6f8"
"01_Ibituruna/03_Google_Maps/google_maps_141.jpg","Ibituruna","Google Maps",2047,2048,380756,"be09ef0597d440e3388f688d3efce19b4be36f0decebbb15a008d463d1d34091"
"01_Ibituruna/03_Google_Maps/google_maps_15.jpg","Ibituruna","Google Maps",1080,1598,280848,"07a2e2da0191cdd8879a9ff9e2ce177631839ccd6dfc48f876b28eaaa4db5cdb"
"01_Ibituruna/03_Google_Maps/google_maps_16.jpg","Ibituruna","Google Maps",1536,2048,401899,"de96598b06baa7aba70abfb86af940ccdd939d54b2cd1281e130b1d089a1d77c"
"01_Ibituruna/03_Google_Maps/google_maps_17.jpg","Ibituruna","Google Maps",1224,1326,300590,"639536211089ddd7adb1d8dea46ace1177c5ae791de86b95cc9bd770239a2808"
"01_Ibituruna/03_Google_Maps/google_maps_18.jpg","Ibituruna","Google Maps",2048,1536,317819,"1ab9c02d230a49a0d55c65613e088ef2420a3842e4b48a6a1881f21706cd9d30"
"01_Ibituruna/03_Google_Maps/google_maps_19.jpg","Ibituruna","Google Maps",1536,2048,496544,"04df11044e6dd0538a56d9f895a656bda8875fc4f39b02c8157f894c38ba9ce8"
"01_Ibituruna/03_Google_Maps/google_maps_2.jpg","Ibituruna","Google Maps",1080,1920,1388123,"44c701ff534df08d5254bd472f0ee5b5e7c0f8fbd08906b530295b87a7fb677a"
"01_Ibituruna/03_Google_Maps/google_maps_20.jpg","Ibituruna","Google Maps",720,1600,796337,"e3cfee22cc4a95c10cbc144b49b149c19a99dd3773182659388eb21225fc60f8"
"01_Ibituruna/03_Google_Maps/google_maps_21.jpg","Ibituruna","Google Maps",2048,1536,727479,"a5af83c9979484aa5cfb64c125ece7407256a0638262e861253187b3d272c0aa"
"01_Ibituruna/03_Google_Maps/google_maps_22.jpg","Ibituruna","Google Maps",480,848,216686,"88bd677462a31f19efd959dee3688f79b5801786358127337d557bd69feb5a61"
"01_Ibituruna/03_Google_Maps/google_maps_23.jpg","Ibituruna","Google Maps",1296,1574,673065,"db66dc1d6acf9ac70a18b9099ede2e544afda2ba7e60aa231205916894482bc1"
"01_Ibituruna/03_Google_Maps/google_maps_24.jpg","Ibituruna","Google Maps",922,2048,318909,"dc9fa5b2655365afb3e01c7c0803685f026b3371fca91b09b8aac04ab8fb96f9"
"01_Ibituruna/03_Google_Maps/google_maps_25.jpg","Ibituruna","Google Maps",1536,2048,844643,"c8c576a32129c7375e05ba7d6885ab056719c8cc1ac26dab559f4a3bb0218a70"
"01_Ibituruna/03_Google_Maps/google_maps_26.jpg","Ibituruna","Google Maps",1200,1600,314981,"149c6a7cf41f59e96475b4c1517554a52f923d3c03392714ea8b14236854e4b0"
"01_Ibituruna/03_Google_Maps/google_maps_27.jpg","Ibituruna","Google Maps",1536,2048,645248,"50dd26d14d02144ee5e186aa55780a9a1f3119394c2500485355ccba6a5ca913"
"01_Ibituruna/03_Google_Maps/google_maps_28.jpg","Ibituruna","Google Maps",1080,1920,1645993,"a35e2f1cb4bf143ceadd6017f772410e299e34a7e68a4c9d095fdfde86e856d8"
"01_Ibituruna/03_Google_Maps/google_maps_29.jpg","Ibituruna","Google Maps",1536,2048,454595,"ceddb960fdf94a9862da50d3ec56ad6240a68e41afd8455d44c1a122fb92ecb5"
"01_Ibituruna/03_Google_Maps/google_maps_3.jpg","Ibituruna","Google Maps",1074,1354,408187,"5870d4910feca7cf82bf965313699ce6ffb68b932c22527ce336f4e222c8c141"
"01_Ibituruna/03_Google_Maps/google_maps_30.jpg","Ibituruna","Google Maps",1536,2048,612658,"ee4b40ee7b4f05ed295e26541ad68616c8330cd09cfcc34ddf2f50d816030958"
"01_Ibituruna/03_Google_Maps/google_maps_31.jpg","Ibituruna","Google Maps",1536,2048,449615,"a3d384e361ea675e0866222ffb022764c9b850f16f90f322f326f4d0d2b493c7"
"01_Ibituruna/03_Google_Maps/google_maps_32.jpg","Ibituruna","Google Maps",1542,2048,185307,"e67eaf86c7c9aacfb2b51f0854f62636aa4ae204c50e3786eec5ab3c54020b8e"
"01_Ibituruna/03_Google_Maps/google_maps_33.jpg","Ibituruna","Google Maps",922,2048,253792,"ccd4e3ce51379761e2946897d7e516443cc0369925572187881e760927118fc5"
"01_Ibituruna/03_Google_Maps/google_maps_34.jpg","Ibituruna","Google Maps",922,2048,173763,"6977e2d04433ce63cf32a3f7e208b3f515aed89e20317d468436eef3a950fa90"
"01_Ibituruna/03_Google_Maps/google_maps_35.jpg","Ibituruna","Google Maps",1536,2048,356693,"4e8ba5cd699c6a08c0aa9640d209df399180150fc7afd7640e95c864970e953e"
"01_Ibituruna/03_Google_Maps/google_maps_36.jpg","Ibituruna","Google Maps",2048,922,289490,"478215491c4c49016f2093bbc57b9c20ff557398f77f54399c2a1ced95386f16"
"01_Ibituruna/03_Google_Maps/google_maps_37.jpg","Ibituruna","Google Maps",1536,2048,402377,"36ff9af01ef2ab8e1c7b4978f82ea365352b8a4c9db97003d53aaa1d75b46c63"
"01_Ibituruna/03_Google_Maps/google_maps_38.jpg","Ibituruna","Google Maps",1536,2048,487671,"4bcf90927a966d914df129072f2af24b0728bde0ba2f25c1f57773ab276c554c"
"01_Ibituruna/03_Google_Maps/google_maps_39.jpg","Ibituruna","Google Maps",1536,2048,364549,"be70e8bfe94ed888bbdc25094dea828b30e60ef48342a15f494ec03e4b278899"
"01_Ibituruna/03_Google_Maps/google_maps_4.jpg","Ibituruna","Google Maps",1536,2048,373700,"9dc084f71ed0463be829faff28ec79cfa51566598e8eaee4c0a380c382d5de04"
"01_Ibituruna/03_Google_Maps/google_maps_40.jpg","Ibituruna","Google Maps",1536,2048,456422,"3ebe46d6f3622c8ae289b2120c66a92fac6adb42f1707b26a2f11aa5b3b044b4"
"01_Ibituruna/03_Google_Maps/google_maps_41.jpg","Ibituruna","Google Maps",1285,2048,605966,"ea316ca62d1b87c49d7cf878c3832bbb06b2b4ac6066f840f47bf2ba9b2c6771"
"01_Ibituruna/03_Google_Maps/google_maps_42.jpg","Ibituruna","Google Maps",1080,1342,125860,"33d1381a2ded00e0e5e4815535b63d70e5f4465279aa7a6cdfabf410ca03d7da"
"01_Ibituruna/03_Google_Maps/google_maps_43.jpg","Ibituruna","Google Maps",1536,2048,293060,"eba66be2c51c824b356263a836438adcb9807506f8a2ac54b3af3383b9170d6e"
"01_Ibituruna/03_Google_Maps/google_maps_44.jpg","Ibituruna","Google Maps",946,2048,445158,"ba421acc0f3f08627db217a1e94b423d2b5b0c93ea2c743adc2709de92fe2407"
"01_Ibituruna/03_Google_Maps/google_maps_45.jpg","Ibituruna","Google Maps",1536,2048,401074,"2d908b482ff73dc7677c223e1ee5eedb207286510d2bcf5f7f63af1b49fc28a2"
"01_Ibituruna/03_Google_Maps/google_maps_46.jpg","Ibituruna","Google Maps",2048,1536,632066,"a4c653c8eecedc311b2710037e5e68cd81818ec63cf6cec1a283ebf49b167cb0"
"01_Ibituruna/03_Google_Maps/google_maps_47.jpg","Ibituruna","Google Maps",720,1280,265381,"f3349cdf376a9531d56aa9ba6bbd32158c89f32cad42d66b953118e88ba9ed0f"
"01_Ibituruna/03_Google_Maps/google_maps_48.jpg","Ibituruna","Google Maps",1152,2048,499904,"29738c0e4db7331218b7c2e398a5caa940748957f7172ccc6bd208637891c1c5"
"01_Ibituruna/03_Google_Maps/google_maps_49.jpg","Ibituruna","Google Maps",1152,2048,407064,"a88ec01e1e3fee0a0ee23aa15bf362c28ba2c9dd9a7a39bb1406cf5ba3eca8d3"
"01_Ibituruna/03_Google_Maps/google_maps_5.jpg","Ibituruna","Google Maps",1536,2048,481617,"f913f0587c2e8841628c40a367d47c8054b925322493a6585387bc5bf17a87b4"
"01_Ibituruna/03_Google_Maps/google_maps_50.jpg","Ibituruna","Google Maps",644,1144,95403,"aa08bdd049defaaeded7f2cee6ef00d030609e0657bae8858571a06fd2bf26cb"
"01_Ibituruna/03_Google_Maps/google_maps_51.jpg","Ibituruna","Google Maps",1536,2048,274330,"69639c5c67e26afa1377bc18b76a5cabb55d4fa2baa6a380e16fd000c276d3da"
"01_Ibituruna/03_Google_Maps/google_maps_52.jpg","Ibituruna","Google Maps",922,2048,221127,"6a1047b1990d3ffb80188151a17ac73c0d42cb7890c9cf4df69f3bf159ed14e8"
"01_Ibituruna/03_Google_Maps/google_maps_53.jpg","Ibituruna","Google Maps",1536,2048,287748,"264d8a307a84786b51506f25d9d0c8c4dbb7516ef9e9e279826e62c36c861c60"
"01_Ibituruna/03_Google_Maps/google_maps_54.jpg","Ibituruna","Google Maps",2048,922,385868,"83a7ab69eb38ae462fa1614d6239d13e40e0f25fb42569aa3610545ab16b8867"
"01_Ibituruna/03_Google_Maps/google_maps_55.jpg","Ibituruna","Google Maps",1536,2048,444496,"54c70af77badf0bc9b22187c01cf37c1b0bf6ad36448578500cdc05de89db20f"
"01_Ibituruna/03_Google_Maps/google_maps_56.jpg","Ibituruna","Google Maps",1536,2048,442289,"60938c2909ed2070921dad6231bf54abad8df945a5c0d7791f13df535257127c"
"01_Ibituruna/03_Google_Maps/google_maps_57.jpg","Ibituruna","Google Maps",946,2048,394185,"442664a824c5aa9fd9bea5c05e5984bd884dee9fc33ebd61c2a1b86a90c6527c"
"01_Ibituruna/03_Google_Maps/google_maps_58.jpg","Ibituruna","Google Maps",1536,2048,490218,"4b4004343905777362b008c5375fdb76ec9c3b2eca58944426d60bc30749e700"
"01_Ibituruna/03_Google_Maps/google_maps_59.jpg","Ibituruna","Google Maps",1080,1213,254199,"502e3f3ce4f8cd2c128dacbbfbc1a2ba244940070b9e832ef8f7644b606a209f"
"01_Ibituruna/03_Google_Maps/google_maps_6.jpg","Ibituruna","Google Maps",1536,2048,926483,"22356b46451d04365b9da5ae487257a60612d5d9cdf747679c354983c16c8cb0"
"01_Ibituruna/03_Google_Maps/google_maps_60.jpg","Ibituruna","Google Maps",1536,2048,448477,"d8ec3e9122630731ce4accbbc92fd64509dce49993d867d0142b681cc33a7b32"
"01_Ibituruna/03_Google_Maps/google_maps_61.jpg","Ibituruna","Google Maps",1536,2048,323993,"f9f5df7c4e73e6359cd653682a2902040d0d6d4d68884f6d2d08e9ce3ea1a317"
"01_Ibituruna/03_Google_Maps/google_maps_62.jpg","Ibituruna","Google Maps",922,2048,178628,"ff107918b52142c9fc8c21f5cbfc7c7ee95a9f19472ff8fa738eaa740b2af5f9"
"01_Ibituruna/03_Google_Maps/google_maps_63.jpg","Ibituruna","Google Maps",1536,2048,395550,"c0ea5e60d900d6700a866c69486e99e88a3472c814804ef76a47b7328ba8c0d2"
"01_Ibituruna/03_Google_Maps/google_maps_64.jpg","Ibituruna","Google Maps",946,2048,739568,"240f72137ff139647d31e2f22ff19ca95bf6ab5d8ab7a2ebaa2466827c502f31"
"01_Ibituruna/03_Google_Maps/google_maps_65.jpg","Ibituruna","Google Maps",644,1144,117902,"8886b2aa0b6278433eb888dd9ac357968917993d9ffd3a2da807d9116440b35c"
"01_Ibituruna/03_Google_Maps/google_maps_66.jpg","Ibituruna","Google Maps",1536,2048,506226,"5612ac4f867bef551ca7f58d4d02eaadcf3970598b33e8a9db0c92eec6d4fae9"
"01_Ibituruna/03_Google_Maps/google_maps_67.jpg","Ibituruna","Google Maps",1536,2048,418493,"7f6efd36bfcc7130171d933ed11290a2fa6fbfacea8a36869a5703e6def2148f"
"01_Ibituruna/03_Google_Maps/google_maps_68.jpg","Ibituruna","Google Maps",1536,2048,439946,"2a3c216d0bb046c600f3bcd00db576cbafe721c088c3b47b4c07a2d103990b07"
"01_Ibituruna/03_Google_Maps/google_maps_69.jpg","Ibituruna","Google Maps",946,2048,405763,"aa1e80979466e4cee40ff1ee85f5ff2115ee659562724fdfab69b7693f564f35"
"01_Ibituruna/03_Google_Maps/google_maps_7.jpg","Ibituruna","Google Maps",2048,1536,481637,"da074a654c6f368de4399cf2fc92cabab6c6b6ee8f1a512a54ad375b0089a46d"
"01_Ibituruna/03_Google_Maps/google_maps_70.jpg","Ibituruna","Google Maps",2048,1536,216800,"12c1a4b446e1b0c755f8ef2045fe1e351c428ec56b741a6006a521ae244e2a8e"
"01_Ibituruna/03_Google_Maps/google_maps_71.jpg","Ibituruna","Google Maps",1536,2048,343688,"e25e72f329f9721f50722da07175ac9c1ef75ef5854cb902f1b22e5764203115"
"01_Ibituruna/03_Google_Maps/google_maps_72.jpg","Ibituruna","Google Maps",1078,1347,356167,"fffc01560c898afe1441fe76de8e7c6a4ddecadfc384d5de5846614040959c46"
"01_Ibituruna/03_Google_Maps/google_maps_73.jpg","Ibituruna","Google Maps",897,1600,105782,"4b93fb67fb0638fbff19eb38e76f73d98cbd20a2b56a398fc89bf8af347defee"
"01_Ibituruna/03_Google_Maps/google_maps_74.jpg","Ibituruna","Google Maps",1080,1920,274812,"62aa8764a1c7d00daa0c8e4786ea614a816061e79615e541f7fcec03cad15246"
"01_Ibituruna/03_Google_Maps/google_maps_75.jpg","Ibituruna","Google Maps",946,2048,407373,"44479f416767253b4b82b4f99f80b5c54773bb5b5e0e3ece2b3a4bf0073e143b"
"01_Ibituruna/03_Google_Maps/google_maps_76.jpg","Ibituruna","Google Maps",1080,1221,278596,"4688f79e8178fff70c2526acebf5218179d560983dbe7cea4199103558f8838f"
"01_Ibituruna/03_Google_Maps/google_maps_77.jpg","Ibituruna","Google Maps",1536,2048,386681,"4d4bc2e38a59488ddb70b3d76a5f4143e1fd708891f139f93aaca7233c7b62a0"
"01_Ibituruna/03_Google_Maps/google_maps_78.jpg","Ibituruna","Google Maps",1536,2048,515960,"75e0ad84c087e3582e55ea28b00eb0c32f32d9e75d402aec0aecabda25f2a68f"
"01_Ibituruna/03_Google_Maps/google_maps_79.jpg","Ibituruna","Google Maps",960,1280,176164,"886c1b53487645acd1849ff428b337e7f57b234d01622f7e4efae797e5701169"
"01_Ibituruna/03_Google_Maps/google_maps_8.jpg","Ibituruna","Google Maps",1080,1920,1607984,"9ff3c971cb71466311028c8ba2aa754cfb1aba6f2b48a5200aafc6602ab07aba"
"01_Ibituruna/03_Google_Maps/google_maps_80.jpg","Ibituruna","Google Maps",1536,2048,758631,"72c6a084fa166b07ec872e4908c725ed9caccceb8d76dad26bde5d86fabe49ac"
"01_Ibituruna/03_Google_Maps/google_maps_81.jpg","Ibituruna","Google Maps",2048,1536,492042,"25b4ce9adfbeb0774384ba477f891d8cdc4eecdba91854341dcee061566014a2"
"01_Ibituruna/03_Google_Maps/google_maps_82.jpg","Ibituruna","Google Maps",1536,2048,391621,"5b08cb5e79897bacf4cc01bfd40f8eb2b95c697d237fb831da4f34d51030c15c"
"01_Ibituruna/03_Google_Maps/google_maps_83.jpg","Ibituruna","Google Maps",1536,2048,389741,"ae343784f71c6db24e9cb9249395c04ca5cdb5b56c47ccc33b04392424d53f89"
"01_Ibituruna/03_Google_Maps/google_maps_84.jpg","Ibituruna","Google Maps",921,2048,181402,"33a542d9f75852c087fc16f59cb0f73c244be023b5afd2da63075493dd4e9a5d"
"01_Ibituruna/03_Google_Maps/google_maps_85.jpg","Ibituruna","Google Maps",1080,1920,422181,"d658c761a49fa13b9572352b0e78a4800ef9fd429983a2091468a343270ea6d6"
"01_Ibituruna/03_Google_Maps/google_maps_86.jpg","Ibituruna","Google Maps",1153,2048,423243,"7b24ee73144f6210686c0e86185accafbc4138ad1c438bf38b0efdbbff505f60"
"01_Ibituruna/03_Google_Maps/google_maps_87.jpg","Ibituruna","Google Maps",723,895,192148,"d2d485e4238d354a4becb4cf83e3de357589554b38ceabd9107f1172a5f55b17"
"01_Ibituruna/03_Google_Maps/google_maps_88.jpg","Ibituruna","Google Maps",1536,2048,697942,"e30c97c79ad54dadcf21ce59d7ed65ba9793d7f229797d216466341ede95ee62"
"01_Ibituruna/03_Google_Maps/google_maps_89.jpg","Ibituruna","Google Maps",946,2048,364850,"5e9c78c385bd60d9362534cc2718a70ff3d2a37f33245efca1cc955d157df13e"
"01_Ibituruna/03_Google_Maps/google_maps_9.jpg","Ibituruna","Google Maps",1536,2048,308333,"5ab04778ee4327ff996ae0a60539ee464b4ae3c7169bb03d4c894f3f8eb7bf78"
"01_Ibituruna/03_Google_Maps/google_maps_90.jpg","Ibituruna","Google Maps",1152,2048,444271,"5f0a804b4df7b40f5db990d9236986768fba318a0a57225ebfd6d47925443af7"
"01_Ibituruna/03_Google_Maps/google_maps_91.jpg","Ibituruna","Google Maps",946,2048,307939,"ac1c6be0a58061f6ef3b76c60e649147959208d38b23c7f35db17a58e8c811fb"
"01_Ibituruna/03_Google_Maps/google_maps_92.jpg","Ibituruna","Google Maps",1536,2048,396803,"f27b9c4af23fb18d9c1c28a2953f4de44b789ce21e264529f29f2f81ce677617"
"01_Ibituruna/03_Google_Maps/google_maps_93.jpg","Ibituruna","Google Maps",2048,1536,751598,"9d99ddb7e5bd7ab22f874b65ac1158070cd7f37d40e3f4588977edd109bc2c69"
"01_Ibituruna/03_Google_Maps/google_maps_94.jpg","Ibituruna","Google Maps",1536,2048,418204,"91bb3301376277824c1732d52ab684ff585ebf1c93c4615748eebd41a6f8ffda"
"01_Ibituruna/03_Google_Maps/google_maps_95.jpg","Ibituruna","Google Maps",1152,2048,602405,"868a09aec7edd4827fb8d9ab4bf93ea90f43c09a5718320ed3a8d749dc3b7a2f"
"01_Ibituruna/03_Google_Maps/google_maps_96.jpg","Ibituruna","Google Maps",2048,1959,485465,"1f6ae25fca6a05c5cb38103654a66b1320f6acd53712ee071f7ff3854d794a44"
"01_Ibituruna/03_Google_Maps/google_maps_97.jpg","Ibituruna","Google Maps",2048,1536,366958,"d98a19e286de12e5a5a7b81494e0dda342da73e3cce415fcfccf06161bbbffc9"
"01_Ibituruna/03_Google_Maps/google_maps_98.jpg","Ibituruna","Google Maps",1536,2048,398663,"29f96c449c8226cd8cd5f18a316d1931adeab650b14b745ec349c2534e9b7151"
"01_Ibituruna/03_Google_Maps/google_maps_99.jpg","Ibituruna","Google Maps",1536,2048,494922,"92dca315543d887ad30c76293b687fdcc03c8ed6ff5da6ba231024e03b2a19cc"
"02_Melo/01_Google_Maps/google_maps_melo_1.jpg","Melo","Google Maps",1536,2048,586692,"6c32bb673be62c373b0eee4b7e93b99c1714ca6e87080b600dbbb0815d5af128"
"02_Melo/01_Google_Maps/google_maps_melo_10.jpg","Melo","Google Maps",1152,2048,335778,"856c0de130034eba5d9facacc386178b38407917506400f875866514b9472323"
"02_Melo/01_Google_Maps/google_maps_melo_11.jpg","Melo","Google Maps",1536,2048,739997,"bc41e94bfd06b2ecf51ac972788296c861865a32fb1f48610af8289b96d6a888"
"02_Melo/01_Google_Maps/google_maps_melo_12.jpg","Melo","Google Maps",900,1600,176677,"120f23a550c40310a76e8434c2a403f78ffae3342dae288ab615eeda84b9ff83"
"02_Melo/01_Google_Maps/google_maps_melo_13.jpg","Melo","Google Maps",1152,2048,232426,"c956c87a23ff8c52bc4dea0eeea2e83a2af69fceda31793c9e2ebdae7f923506"
"02_Melo/01_Google_Maps/google_maps_melo_14.jpg","Melo","Google Maps",1152,2048,490073,"48f9ed94658922c959d1513862a27204d4522915988b1d7608e712db68da2d07"
"02_Melo/01_Google_Maps/google_maps_melo_15.jpg","Melo","Google Maps",1152,2048,275440,"c455d9a23e7ae8b10a22d655285e43f3554f3c1f1d66905082de3dc80227a6e6"
"02_Melo/01_Google_Maps/google_maps_melo_16.jpg","Melo","Google Maps",1152,2048,316985,"dc9cb302434dc7a04252b0635d807e517b57297b554dbd6d5ecf8578c68f598f"
"02_Melo/01_Google_Maps/google_maps_melo_17.jpg","Melo","Google Maps",648,648,34412,"49f527dc60dbf2369ecc0ee96bcc727512ad74e677bc718c37de34657eca886a"
"02_Melo/01_Google_Maps/google_maps_melo_2.jpg","Melo","Google Maps",851,1280,98912,"f45bf71b121159d20a488cc0b191e74bb1551735fe04ecc92a27b4572f8566f2"
"02_Melo/01_Google_Maps/google_maps_melo_3.jpg","Melo","Google Maps",1600,900,186836,"cd2bb42e159775aaf161157393e2ac7be1a658887ce1b485d5e5e9aaa5060238"
"02_Melo/01_Google_Maps/google_maps_melo_4.jpg","Melo","Google Maps",1153,2048,493672,"4c7c06bb5be31a28250469fc28d8ebb5d6e315c5c56d78854cacb9aee599f873"
"02_Melo/01_Google_Maps/google_maps_melo_5.jpg","Melo","Google Maps",1153,2048,524277,"dcea5d74475b4e3885883150505c14c3ea85835535c9c2e948c08548af4816e2"
"02_Melo/01_Google_Maps/google_maps_melo_6.jpg","Melo","Google Maps",720,1280,119851,"e19e5553c79a19da8a27df9af76fb61e78a10bf8fb2da061505793593f3b2f84"
"02_Melo/01_Google_Maps/google_maps_melo_7.jpg","Melo","Google Maps",2048,1153,560276,"f095e104982ed962ba315cda6efc330caabed84bb9b0f376d3cba02504d4ef52"
"02_Melo/01_Google_Maps/google_maps_melo_8.jpg","Melo","Google Maps",1080,1920,1442402,"34a9fa40a94fa42f6d92009077202c2afb6acfb00ff90c9f8f3e375f319801b8"
"02_Melo/01_Google_Maps/google_maps_melo_9.jpg","Melo","Google Maps",720,1280,117090,"a4bb8616531c9341e1fa45b7450882ce979dec96403b7a5c5f02b28901552f71"
"02_Melo/02_Referencias_Instagram/instagram_reel_1.jpg","Melo","Instagram oficial",361,640,26867,"21a5bd45418b4f9e5b7f1a313035c72dcf25eae045ac3d25ecbb0aeda0edadad"
"02_Melo/02_Referencias_Instagram/instagram_reel_2.jpg","Melo","Instagram oficial",360,640,44328,"5483ff29c322a40d962c779474526c452988511c1d17b38a9571189876b41586"
"02_Melo/02_Referencias_Instagram/instagram_reel_3.jpg","Melo","Instagram oficial",360,640,35083,"0df068c8aa45d976d362cb5d97f870dfcdff753f70e0894132f0f3d1f021e43c"
"02_Melo/02_Referencias_Instagram/instagram_reel_4.jpg","Melo","Instagram oficial",361,640,30038,"59f0cd2de7b4def9bb5708f7795eba4f127b73d4b371eeaac404ba162adef0d7"
"02_Melo/03_Referencias_Facebook/facebook_reel_1.jpg","Melo/geral","Facebook oficial",640,1136,132999,"1d7814300b9c2e19a0dff8fdb82c4137045e821942b1cda4e264adef6beb858b"
"02_Melo/03_Referencias_Facebook/facebook_reel_2.jpg","Melo/geral","Facebook oficial",640,1136,71629,"55a8a90d6ca8395846efa785aead5889c75a5e17c3501281ef817decb68ac605"
"03_Marca_e_Produtos_Gerais/casa_colombo_linktree_preview.jpg","Geral","Linktree oficial",1200,630,39095,"062ef103c6fb6fb963becc2b6b4a65f2af1da0fcada503a79a049ff3ba7490e6"
"03_Marca_e_Produtos_Gerais/logo_perfil_linktree.jpeg","Geral","Linktree oficial",640,640,29728,"97f849c228485a85d426bde1031881c5c24d69cf2f117803f1f1718b4706cd61"
